Publishing Year,language_code,Book_average_rating,Book_ratings_count,genre,gross sales,publisher revenue,sale price,sales rank,units sold,publisher_code,author_rating
1975.0,0.0,3.42,155903,0,34160.0,20496.0,4.88,1,7000,3,3
1987.0,0.0,4.23,145267,0,12437.5,7462.5,1.99,2,6250,3,2
2015.0,0.0,3.31,138669,0,47795.0,28677.0,8.69,3,5500,0,3
2008.0,0.0,4.04,150898,0,41250.0,24750.0,7.5,3,5500,1,2
2011.0,0.0,4.04,198283,0,37952.5,22771.5,7.99,4,4750,6,2
2015.0,0.0,4.08,83354,0,19960.0,0.0,4.99,5,4000,0,2
2011.0,0.0,4.03,155977,0,27491.67,16495.002,6.99,6,3933,3,2
1994.0,0.0,3.9,167997,1,26182.0,15709.2,6.89,8,3800,1,2
2012.0,0.0,4.34,189938,0,26093.67,15656.202,6.99,9,3733,3,2
1905.0,0.0,4.2,199872,0,23792.34,14275.404,6.49,10,3666,7,2
2004.0,0.0,4.13,179415,0,17964.0,0.0,4.99,11,3600,0,2
1954.0,0.0,3.9,189671,0,21564.0,12938.4,5.99,11,3600,6,2
2010.0,0.0,4.42,206792,0,3431.34,0.0,0.99,13,3466,0,1
1935.0,0.0,4.18,195424,0,6897.34,4138.404,1.99,13,3466,3,2
1922.0,0.0,4.29,173469,0,21797.82,13078.692,6.54,15,3333,7,2
1974.0,0.0,3.76,139411,0,16297.34,0.0,4.99,16,3266,0,2
1897.0,0.0,3.8,159752,0,15968.0,0.0,4.99,17,3200,0,2
2006.0,0.0,3.9,156328,0,15968.0,0.0,4.99,17,3200,0,2
1948.0,0.0,4.28,160860,0,6234.67,3740.802,1.99,18,3133,8,2
2006.0,0.0,4.17,133271,0,3035.34,0.0,0.99,19,3066,0,2
2013.0,0.0,3.74,138454,0,11702.67,0.0,3.99,21,2933,0,2
2000.0,0.0,4.1,142092,0,8569.34,0.0,2.99,22,2866,0,2
1991.0,5.0,3.87,153821,0,2772.0,0.0,0.99,23,2800,0,2
1993.0,0.0,4.38,157395,0,8171.67,0.0,2.99,24,2733,0,2
1996.0,0.0,4.12,156869,0,2639.34,1583.604,0.99,25,2666,0,2
1981.0,1.0,3.65,158215,0,7774.0,0.0,2.99,26,2600,0,2
1993.0,0.0,3.83,159249,0,26904.06,16142.436,10.91,28,2466,6,2
2004.0,0.0,4.13,199572,0,2376.0,0.0,0.99,29,2400,0,2
1891.0,0.0,3.77,171599,1,9576.0,5745.6,3.99,29,2400,1,2
1856.0,0.0,3.64,158877,0,9308.67,0.0,3.99,30,2333,0,2
1961.0,0.0,4.22,178432,0,4509.34,0.0,1.99,31,2266,0,2
2010.0,0.0,4.64,144822,0,2178.0,0.0,0.99,32,2200,0,1
2003.0,0.0,4.03,181323,0,13178.0,7906.8,5.99,32,2200,3,2
2006.0,0.0,4.14,161001,1,2045.34,1227.204,0.99,34,2066,3,2
2007.0,0.0,4.35,150736,0,17980.0,10788.0,8.99,35,2000,7,2
2015.0,0.0,3.7,99342,0,1964.16,0.0,0.99,36,1984,0,2
2011.0,0.0,4.07,140076,0,1964.16,1178.496,0.99,36,1984,0,2
1986.0,0.0,4.25,135979,0,1949.31,0.0,0.99,37,1969,0,2
2005.0,0.0,4.08,172302,0,1949.31,0.0,0.99,37,1969,0,2
1995.0,0.0,3.94,134849,0,20309.55,12185.73,10.65,41,1907,7,2
2003.0,0.0,4.14,136427,0,1873.08,0.0,0.99,42,1892,0,2
2003.0,0.0,4.0,151500,0,7485.24,0.0,3.99,43,1876,0,2
1998.0,0.0,3.52,113915,0,3703.39,2222.034,1.99,44,1861,0,2
2000.0,0.0,4.0,134177,0,11057.54,6634.524,5.99,45,1846,3,2
1999.0,0.0,3.83,148563,0,12791.7,7675.02,6.99,46,1830,0,2
1759.0,0.0,3.76,151471,0,8982.0,0.0,4.99,48,1800,0,2
1975.0,0.0,3.85,174280,1,3582.0,2149.2,1.99,48,1800,0,2
1983.0,2.0,3.72,151160,1,1766.16,1059.696,0.99,49,1784,0,2
1960.0,0.0,4.16,174204,0,10596.31,6357.786,5.99,50,1769,6,2
1950.0,0.0,3.83,164708,0,15058.27,9034.962,8.59,51,1753,1,2
2013.0,0.0,4.3,193766,0,1720.62,1032.372,0.99,52,1738,0,2
1997.0,0.0,3.95,153764,0,1705.77,1023.462,0.99,53,1723,7,2
2011.0,0.0,4.16,190722,0,8517.93,0.0,4.99,54,1707,0,2
2009.0,0.0,3.47,147908,0,1675.08,1005.048,0.99,55,1692,5,3
2004.0,0.0,4.42,139501,0,6687.24,0.0,3.99,56,1676,0,1
2003.0,0.0,3.79,173613,0,4966.39,2979.834,2.99,57,1661,6,2
2002.0,0.0,3.9,131492,0,1629.54,977.724,0.99,58,1646,0,2
1986.0,0.0,4.09,142168,0,17783.3,10669.98,10.91,59,1630,6,2
2012.0,0.0,4.11,133937,0,1613.7,0.0,0.99,59,1630,0,2
1849.0,0.0,3.96,150512,0,18394.85,11036.91,11.39,60,1615,1,2
2007.0,0.0,4.11,160607,0,10384.0,6230.4,6.49,61,1600,7,2
1967.0,0.0,4.32,131389,0,6320.16,0.0,3.99,62,1584,0,2
1968.0,0.0,3.99,155042,0,4707.0,0.0,3.0,63,1569,0,2
2000.0,0.0,4.0,154476,0,1522.62,0.0,0.99,65,1538,0,2
1959.0,0.0,3.56,155901,0,5924.47,0.0,3.89,66,1523,0,2
1995.0,0.0,3.91,137412,0,12040.93,0.0,7.99,67,1507,0,2
1605.0,0.0,3.85,134931,0,13413.08,8047.848,8.99,68,1492,1,2
1995.0,0.0,4.14,132777,0,2907.39,0.0,1.99,70,1461,0,2
1980.0,0.0,4.22,153838,0,11553.54,6932.124,7.99,71,1446,6,2
2010.0,0.0,3.89,174393,0,5705.7,0.0,3.99,72,1430,0,2
1901.0,0.0,4.17,162373,0,9890.85,5934.51,6.99,73,1415,6,2
1953.0,0.0,3.95,170453,0,5245.36,3147.216,3.79,75,1384,1,2
2008.0,0.0,4.46,143622,1,5826.64,3495.984,4.21,75,1384,0,1
1993.0,0.0,3.9,145161,0,2724.31,1634.586,1.99,76,1369,1,2
2007.0,5.0,3.85,127096,0,5462.31,3277.386,3.99,76,1369,1,2
1970.0,0.0,3.8,133728,0,6751.47,0.0,4.99,77,1353,0,2
2014.0,0.0,4.48,177796,0,6676.62,0.0,4.99,78,1338,0,1
1986.0,0.0,4.34,159703,0,1309.77,785.862,0.99,79,1323,0,2
2006.0,0.0,3.64,144591,0,5933.78,3560.268,4.54,80,1307,3,2
2013.0,0.0,4.32,113565,0,8482.43,5089.458,6.49,80,1307,1,2
1977.0,0.0,3.87,134106,0,6447.08,3868.248,4.99,81,1292,7,2
1987.0,0.0,4.23,139052,1,2539.24,1523.544,1.99,82,1276,3,2
2008.0,0.0,4.12,138377,0,4907.7,0.0,3.99,85,1230,0,2
1925.0,0.0,3.98,131856,0,1202.85,0.0,0.99,86,1215,0,2
2002.0,0.0,4.03,151829,0,2417.85,1450.71,1.99,86,1215,3,2
2000.0,0.0,3.97,128406,0,1188.0,0.0,0.99,87,1200,0,2
2010.0,0.0,3.7,127186,0,2388.0,0.0,1.99,87,1200,0,2
1902.0,0.0,4.09,154517,0,2356.16,1413.696,1.99,88,1184,5,2
2011.0,0.0,4.08,136950,0,1157.31,694.386,0.99,89,1169,0,2
1982.0,0.0,4.12,157736,0,1157.31,694.386,0.99,89,1169,0,2
1970.0,0.0,3.89,151789,0,1111.77,0.0,0.99,92,1123,0,2
2002.0,0.0,3.82,129807,0,5603.77,3362.262,4.99,92,1123,0,2
2014.0,0.0,3.92,125847,0,2202.93,1321.758,1.99,93,1107,5,2
2007.0,0.0,4.05,162689,0,6983.24,4189.944,6.49,95,1076,7,2
1997.0,0.0,3.97,133155,0,6885.89,4131.534,6.49,96,1061,7,2
1985.0,0.0,4.29,168001,1,1035.54,621.324,0.99,97,1046,0,2
1989.0,0.0,4.29,141945,0,1019.7,0.0,0.99,98,1030,0,2
1987.0,0.0,4.11,141674,0,6079.85,0.0,5.99,99,1015,0,2
1998.0,0.0,3.69,111856,0,6932.45,4159.47,6.83,99,1015,6,2
2013.0,0.0,3.94,135635,0,985.05,0.0,0.99,101,995,0,2
2005.0,0.0,4.01,169560,0,5068.8,3041.28,5.12,102,990,6,2
2011.0,0.0,4.01,176433,0,2195.2,1317.12,2.24,104,980,0,2
1959.0,0.0,3.99,136886,0,7312.5,4387.5,7.5,105,975,1,2
2011.0,0.0,3.93,144533,0,960.3,0.0,0.99,106,970,0,2
1991.0,0.0,3.88,109692,0,10224.0,6134.4,10.65,108,960,6,2
2011.0,0.0,4.3,188136,0,7670.4,4602.24,7.99,108,960,6,2
1950.0,0.0,4.12,143236,0,1880.55,0.0,1.99,111,945,0,2
2010.0,0.0,3.64,120126,0,4690.6,2814.36,4.99,112,940,5,2
1880.0,0.0,3.97,144497,0,3730.65,2238.39,3.99,113,935,6,2
2002.0,5.0,3.72,131352,0,1850.7,0.0,1.99,114,930,0,2
1956.0,0.0,4.02,158701,0,5980.0,3588.0,6.5,116,920,0,2
2007.0,0.0,4.23,128715,0,905.85,543.51,0.99,117,915,7,2
2008.0,0.0,3.9,180961,0,7759.2,4655.52,8.48,117,915,0,2
2012.0,0.0,4.29,153882,0,900.9,0.0,0.99,118,910,0,2
2007.0,0.0,3.84,150003,0,895.95,537.57,0.99,119,905,0,2
1390.0,0.0,3.48,148480,0,891.0,0.0,0.99,120,900,0,3
2006.0,0.0,3.71,124371,1,5841.0,3504.6,6.49,120,900,5,2
2011.0,0.0,4.08,146905,1,10731.05,6438.63,11.99,121,895,7,2
2009.0,0.0,3.89,125195,0,2661.1,0.0,2.99,122,890,0,2
1852.0,0.0,3.83,137858,0,1771.1,1062.66,1.99,122,890,3,2
1909.0,0.0,3.97,141110,0,3531.15,0.0,3.99,123,885,0,2
2006.0,0.0,4.02,163054,0,6525.0,3915.0,7.5,126,870,8,2
1995.0,0.0,4.08,98738,0,3451.35,0.0,3.99,127,865,0,2
2010.0,0.0,3.73,119213,0,6871.4,4122.84,7.99,128,860,7,2
2011.0,0.0,3.52,100886,0,841.5,504.9,0.99,130,850,0,2
2006.0,0.0,3.82,150222,0,10131.55,6078.93,11.99,131,845,1,2
2008.0,0.0,3.71,114531,0,6711.6,4026.96,7.99,132,840,7,2
2001.0,0.0,3.78,117657,0,816.75,0.0,0.99,135,825,0,2
1995.0,0.0,3.81,128961,1,1641.75,985.05,1.99,135,825,3,2
1980.0,0.0,3.55,129811,1,5696.85,3418.11,6.99,137,815,7,2
1972.0,0.0,4.22,146073,0,2421.9,0.0,2.99,138,810,0,2
1999.0,0.0,4.12,110651,0,8573.25,5143.95,10.65,139,805,6,2
1980.0,0.0,4.07,137372,0,3192.0,0.0,3.99,140,800,0,2
1958.0,0.0,3.89,129778,0,792.0,475.2,0.99,140,800,0,2
2010.0,0.0,4.04,126993,0,3172.05,0.0,3.99,141,795,0,2
2005.0,0.0,4.0,137639,1,1572.1,943.26,1.99,142,790,0,2
2009.0,0.0,4.08,151721,0,9412.15,5647.29,11.99,143,785,6,2
2014.0,0.0,3.78,108703,0,3112.2,0.0,3.99,144,780,0,2
1982.0,0.0,4.2,119930,0,8269.25,4961.55,10.67,145,775,8,2
1979.0,0.0,3.9,132723,0,1512.4,907.44,1.99,148,760,3,2
1920.0,0.0,3.98,135514,0,3012.45,0.0,3.99,149,755,0,2
1934.0,0.0,4.16,138444,0,3742.5,0.0,4.99,150,750,0,2
2013.0,0.0,4.26,113252,0,2992.5,0.0,3.99,150,750,0,2
2001.0,0.0,4.16,121398,0,3717.55,2230.53,4.99,151,745,7,2
1980.0,0.0,3.85,142213,0,2952.6,1771.56,3.99,152,740,5,2
2013.0,0.0,4.19,141641,0,727.65,0.0,0.99,153,735,0,2
2009.0,0.0,4.27,109642,0,3642.7,0.0,4.99,154,730,0,2
2014.0,0.0,3.98,115393,0,5444.75,3266.85,7.51,155,725,7,2
1939.0,0.0,4.22,156726,0,712.8,0.0,0.99,156,720,0,2
1937.0,0.0,4.17,87445,0,702.9,0.0,0.99,158,710,0,2
1932.0,0.0,4.16,165127,0,697.95,418.77,0.99,159,705,0,2
2004.0,0.0,3.8,133683,0,5593.0,3355.8,7.99,160,700,1,2
2001.0,0.0,4.02,116800,0,1353.2,811.92,1.99,164,680,3,2
2013.0,0.0,4.54,159774,1,668.25,400.95,0.99,165,675,0,1
2008.0,0.0,3.85,144606,0,3678.3,2206.98,5.49,166,670,0,2
2003.0,0.0,3.98,118045,0,658.35,395.01,0.99,167,665,0,2
2005.0,0.0,4.06,130293,0,7814.4,4688.64,11.84,168,660,7,2
2003.0,0.0,3.98,112167,0,648.45,0.0,0.99,169,655,0,2
2012.0,0.0,3.67,116053,0,9818.45,5891.07,14.99,169,655,7,2
2006.0,0.0,3.69,110873,0,3243.5,0.0,4.99,170,650,0,2
1999.0,0.0,4.31,131481,0,1943.5,0.0,2.99,170,650,0,2
2008.0,0.0,4.04,121966,0,3218.55,0.0,4.99,171,645,0,2
1987.0,0.0,3.77,128244,0,4473.6,2684.16,6.99,172,640,7,2
2008.0,0.0,3.7,124812,0,5663.7,3398.22,8.99,174,630,8,2
2014.0,0.0,4.03,120008,0,608.85,0.0,0.99,177,615,0,2
1985.0,0.0,4.05,141299,0,603.9,362.34,0.99,178,610,0,2
2011.0,0.0,3.85,124837,0,1210.0,0.0,2.0,179,605,0,2
2008.0,0.0,4.0,110939,0,594.0,0.0,0.99,180,600,0,2
1869.0,0.0,3.86,121112,0,3540.25,0.0,5.95,181,595,0,2
2005.0,0.0,3.88,124786,0,3564.05,2138.43,5.99,181,595,6,2
1925.0,0.0,3.78,136327,0,1174.1,704.46,1.99,182,590,0,2
2009.0,0.0,3.81,92275,0,5200.65,3120.39,8.89,183,585,5,2
1998.0,0.0,3.87,131004,0,569.25,0.0,0.99,185,575,0,2
1985.0,0.0,4.1,124876,0,1134.3,0.0,1.99,186,570,0,2
1984.0,0.0,3.66,130219,0,1659.45,0.0,2.99,189,555,0,2
1872.0,0.0,3.9,117108,0,4434.45,2660.67,7.99,189,555,6,2
1994.0,0.0,3.95,129350,1,544.5,326.7,0.99,190,550,0,2
2003.0,0.0,3.69,102206,0,534.6,0.0,0.99,192,540,0,2
1953.0,0.0,4.19,105138,0,2154.6,0.0,3.99,192,540,0,2
2005.0,0.0,3.67,121373,1,1599.65,959.79,2.99,193,535,7,2
2007.0,0.0,4.18,143892,0,524.7,314.82,0.99,194,530,5,2
1996.0,0.0,4.34,123736,1,1024.85,614.91,1.99,197,515,0,2
2013.0,0.0,4.29,149702,0,1524.9,0.0,2.99,198,510,0,2
1603.0,0.0,3.89,135448,0,2014.95,1208.97,3.99,199,505,0,2
1949.0,0.0,3.49,132061,0,5433.18,3259.908,10.91,201,498,6,3
2007.0,0.0,3.99,93479,0,1483.04,0.0,2.99,202,496,0,2
2012.0,0.0,4.51,119915,0,2950.91,1770.546,6.01,205,491,3,1
1929.0,0.0,3.86,124665,0,2445.1,1467.06,4.99,206,490,1,2
2005.0,0.0,4.02,106211,0,483.12,289.872,0.99,207,488,0,2
2002.0,0.0,4.21,120004,0,2605.92,1563.552,5.34,207,488,6,2
2013.0,0.0,4.17,118910,0,5269.53,3161.718,10.91,210,483,6,2
1992.0,0.0,4.21,122524,1,2057.58,1234.548,4.26,210,483,4,2
2003.0,0.0,4.26,95213,0,476.19,0.0,0.99,211,481,0,2
2008.0,0.0,4.01,151095,0,475.2,285.12,0.99,212,480,0,2
1991.0,0.0,4.24,117483,0,1429.22,0.0,2.99,213,478,0,2
1997.0,0.0,4.18,120541,0,5253.22,3151.932,10.99,213,478,7,2
1995.0,0.0,3.73,119911,0,1423.24,0.0,2.99,214,476,0,2
1967.0,0.0,4.19,125668,0,2375.24,1425.144,4.99,214,476,1,2
1989.0,0.0,4.21,122225,0,470.25,0.0,0.99,215,475,0,2
1947.0,0.0,3.41,133264,0,470.25,282.15,0.99,215,475,0,3
1971.0,0.0,4.14,124467,0,1399.32,0.0,2.99,219,468,0,2
2009.0,0.0,3.51,145874,0,461.34,0.0,0.99,220,466,0,2
1994.0,0.0,3.8,131945,0,1393.34,0.0,2.99,220,466,0,2
1976.0,0.0,4.42,118951,0,460.35,276.21,0.99,221,465,5,1
1988.0,0.0,4.36,113855,0,455.4,273.24,0.99,224,460,7,2
1952.0,0.0,3.84,123073,0,455.4,0.0,0.99,224,460,0,2
2007.0,0.0,4.14,116260,0,3643.44,0.0,7.99,226,456,0,2
1971.0,5.0,4.13,135978,0,1815.45,1089.27,3.99,227,455,0,2
1982.0,0.0,4.34,105961,0,5000.45,3000.27,10.99,227,455,8,2
1953.0,5.0,4.33,124320,0,5195.91,3117.546,11.47,228,453,7,2
1998.0,5.0,3.29,113977,1,448.47,0.0,0.99,228,453,0,3
2012.0,0.0,4.24,81982,0,2250.49,1350.294,4.99,229,451,6,2
2002.0,0.0,4.26,118576,0,4792.5,2875.5,10.65,230,450,7,2
1997.0,0.0,4.1,104549,0,4771.2,2862.72,10.65,231,448,6,2
2012.0,0.0,3.9,118475,0,443.52,266.112,0.99,231,448,0,2
2006.0,0.0,4.3,118751,0,1324.57,794.742,2.99,234,443,8,2
1995.0,0.0,4.17,137047,0,8811.18,5286.708,19.98,235,441,7,2
2009.0,0.0,4.01,145157,0,2175.64,1305.384,4.99,238,436,7,2
2013.0,0.0,4.26,109313,0,430.65,0.0,0.99,239,435,0,2
2011.0,0.0,4.23,164832,0,5191.67,3115.002,11.99,240,433,6,2
1982.0,0.0,4.19,131562,0,2593.67,1556.202,5.99,240,433,1,2
2013.0,0.0,4.49,160485,0,426.69,256.014,0.99,241,431,0,1
2004.0,0.0,4.18,126864,0,425.7,255.42,0.99,242,430,7,2
2008.0,0.0,4.05,110597,0,5107.74,3064.644,11.99,244,426,6,2
1987.0,0.0,4.22,128450,0,3821.22,2292.732,8.97,244,426,0,2
2010.0,0.0,3.92,158063,0,420.75,252.45,0.99,245,425,5,2
1985.0,0.0,4.47,111498,0,1687.77,0.0,3.99,246,423,0,1
2003.0,0.0,4.05,122502,1,4473.0,2683.8,10.65,248,420,7,2
2011.0,0.0,4.22,140599,0,413.82,248.292,0.99,249,418,5,2
1998.0,0.0,4.3,115521,1,411.84,0.0,0.99,250,416,0,2
2009.0,0.0,3.82,119105,0,2070.85,1242.51,4.99,251,415,7,2
1982.0,0.0,4.34,108338,0,2537.9,1522.74,6.19,254,410,0,2
1970.0,0.0,3.99,109944,0,1219.92,0.0,2.99,255,408,0,2
2009.0,0.0,3.9,119739,0,1685.04,1011.024,4.13,255,408,0,2
1965.0,0.0,4.29,124805,1,2025.94,1215.564,4.99,256,406,7,2
1989.0,0.0,4.3,122540,1,2251.8,1351.08,5.56,257,405,0,2
1999.0,0.0,4.2,111497,0,1007.5,604.5,2.5,258,403,3,2
2003.0,0.0,4.07,113718,0,4270.65,2562.39,10.65,259,401,6,2
1894.0,0.0,4.5,109754,0,3180.02,1908.012,7.99,261,398,6,1
1599.0,0.0,3.65,119933,0,392.04,235.224,0.99,262,396,0,2
2011.0,0.0,3.81,110481,0,392.04,235.224,0.99,262,396,0,2
-380.0,0.0,3.9,110274,0,387.09,232.254,0.99,265,391,0,2
1593.0,0.0,3.81,126318,1,2726.1,1635.66,6.99,266,390,1,2
2014.0,0.0,4.46,162069,1,1154.14,692.484,2.99,268,386,5,1
2010.0,0.0,4.14,106542,0,766.15,459.69,1.99,269,385,7,2
1997.0,0.0,3.79,102746,0,3060.17,1836.102,7.99,270,383,6,2
2001.0,0.0,3.62,101436,0,758.19,0.0,1.99,271,381,0,2
1831.0,0.0,3.97,119851,1,3013.71,1808.226,7.91,271,381,0,2
1996.0,0.0,4.34,99252,0,1136.2,681.72,2.99,272,380,8,2
1987.0,0.0,4.61,117788,1,1886.22,1131.732,4.99,273,378,6,1
2006.0,0.0,3.77,139168,0,1124.24,674.544,2.99,274,376,0,2
1899.0,0.0,3.63,125474,0,371.25,0.0,0.99,275,375,0,2
2009.0,0.0,3.93,138103,0,1871.25,1122.75,4.99,275,375,7,2
2006.0,0.0,4.09,102193,0,1488.27,0.0,3.99,276,373,0,2
1989.0,0.0,4.08,105317,0,1115.27,669.162,2.99,276,373,1,2
1996.0,0.0,4.33,111779,0,366.3,0.0,0.99,278,370,0,2
2010.0,5.0,3.98,102560,1,2775.0,1665.0,7.5,278,370,1,2
1993.0,2.0,4.07,59453,0,1100.32,660.192,2.99,279,368,7,2
1952.0,0.0,4.2,105595,0,1094.34,0.0,2.99,280,366,0,2
1997.0,5.0,4.12,97016,0,4388.34,2633.004,11.99,280,366,6,2
2010.0,0.0,4.01,111239,1,4084.35,2450.61,11.19,281,365,3,2
1812.0,0.0,4.31,116324,0,1811.37,0.0,4.99,282,363,0,2
1967.0,0.0,4.15,134537,0,1085.37,651.222,2.99,282,363,0,2
2013.0,0.0,4.1,95276,0,357.39,214.434,0.99,283,361,0,2
1998.0,0.0,3.79,101999,0,1079.39,647.634,2.99,283,361,6,2
2012.0,0.0,4.24,136761,1,3905.78,2343.468,10.91,285,358,7,2
2008.0,0.0,4.15,106351,0,1064.44,638.664,2.99,286,356,5,2
1960.0,5.0,4.12,117582,1,706.45,423.87,1.99,287,355,8,2
1987.0,5.0,4.16,109595,0,1049.49,0.0,2.99,289,351,0,2
1902.0,0.0,4.07,107313,1,347.49,208.494,0.99,289,351,0,2
2009.0,0.0,3.88,98645,0,346.5,0.0,0.99,290,350,0,2
2010.0,0.0,3.7,106336,0,344.52,0.0,0.99,291,348,0,2
1999.0,0.0,4.23,118467,1,1031.55,618.93,2.99,293,345,8,2
1623.0,0.0,3.8,125178,0,1025.57,0.0,2.99,294,343,0,2
2010.0,0.0,3.98,120763,0,1019.59,0.0,2.99,295,341,0,2
1997.0,0.0,4.24,105026,0,1019.59,611.754,2.99,295,341,8,2
2013.0,0.0,3.46,109412,0,3872.6,2323.56,11.39,296,340,6,3
2007.0,0.0,4.23,132159,0,1686.62,0.0,4.99,297,338,0,2
1932.0,0.0,4.16,108124,0,1676.64,0.0,4.99,298,336,0,2
2003.0,0.0,4.36,113881,0,666.65,399.99,1.99,299,335,3,0
2014.0,0.0,3.81,100936,0,2620.72,1572.432,7.99,303,328,7,2
2012.0,0.0,4.21,138871,0,2875.32,1725.192,8.82,304,326,6,0
2014.0,0.0,3.55,113805,0,1300.74,0.0,3.99,304,326,0,2
2008.0,0.0,3.96,127387,0,2759.25,1655.55,8.49,305,325,3,2
2005.0,0.0,4.12,100513,0,1611.77,967.062,4.99,306,323,8,0
2009.0,0.0,3.85,102936,0,2468.49,1481.094,7.69,307,321,6,2
1986.0,0.0,4.3,123945,0,950.82,0.0,2.99,309,318,0,0
2001.0,2.0,3.59,115855,0,1576.84,0.0,4.99,310,316,0,2
1854.0,0.0,3.79,108062,1,2044.35,1226.61,6.49,311,315,7,2
1989.0,0.0,4.1,105892,1,1874.87,1124.922,5.99,312,313,7,0
2010.0,0.0,3.91,103915,0,307.89,184.734,0.99,313,311,0,2
2011.0,0.0,3.7,94968,0,306.9,0.0,0.99,314,310,0,2
1982.0,0.0,3.82,116026,0,616.9,370.14,1.99,314,310,0,2
-430.0,0.0,3.67,119496,0,2460.92,1476.552,7.99,315,308,1,2
2009.0,0.0,3.87,106729,1,2152.92,1291.752,6.99,315,308,6,2
1908.0,0.0,3.98,124612,0,10327.3,6196.38,33.86,317,305,6,2
2014.0,0.0,4.11,136938,1,598.99,0.0,1.99,319,301,0,0
2000.0,0.0,4.23,117103,0,1487.02,892.212,4.99,321,298,7,0
1908.0,0.0,3.91,109994,0,891.02,0.0,2.99,321,298,0,2
2010.0,0.0,3.86,136736,0,1181.04,0.0,3.99,322,296,0,2
2008.0,0.0,4.01,120475,1,885.04,531.024,2.99,322,296,0,0
1995.0,0.0,4.13,78028,0,1772.95,1063.77,6.01,323,295,3,0
1994.0,0.0,3.76,102715,0,292.05,0.0,0.99,323,295,0,2
2008.0,0.0,4.03,138118,0,290.07,0.0,0.99,324,293,0,0
1999.0,0.0,4.35,104633,1,288.09,172.854,0.99,325,291,2,0
2012.0,0.0,3.89,94012,0,3694.6,2216.76,12.74,326,290,1,2
2012.0,0.0,3.99,121863,0,1149.12,689.472,3.99,327,288,0,2
1991.0,0.0,3.77,104467,0,1707.15,1024.29,5.99,329,285,8,2
1596.0,0.0,3.78,115621,0,427.5,0.0,1.5,329,285,0,2
1975.0,0.0,4.37,104339,0,2071.56,1242.936,7.32,330,283,1,0
2006.0,0.0,4.45,134249,0,1412.17,847.302,4.99,330,283,8,1
2015.0,0.0,4.29,167848,1,3650.19,2190.114,12.99,331,281,0,0
2012.0,5.0,4.13,76876,0,1387.22,0.0,4.99,333,278,0,0
1989.0,0.0,4.21,105192,0,1097.25,658.35,3.99,335,275,8,0
2009.0,0.0,4.19,98628,0,2618.07,1570.842,9.59,336,273,3,0
1950.0,0.0,4.26,116197,0,267.3,0.0,0.99,338,270,0,0
1996.0,0.0,3.84,102733,0,267.3,0.0,0.99,338,270,0,2
2001.0,0.0,3.98,99926,1,263.34,0.0,0.99,340,266,0,2
1999.0,0.0,3.74,112733,0,997.5,0.0,3.75,340,266,0,2
2012.0,0.0,3.75,110552,0,1719.85,1031.91,6.49,341,265,1,2
1979.0,0.0,3.79,109063,2,1877.82,1126.692,7.14,342,263,0,2
2016.0,0.0,4.32,116771,0,1041.39,0.0,3.99,343,261,0,0
1990.0,0.0,3.86,99831,0,777.4,0.0,2.99,344,260,0,2
1999.0,0.0,4.0,54937,0,771.42,462.852,2.99,345,258,8,2
1601.0,0.0,3.97,119607,0,1527.45,916.47,5.99,347,255,6,2
2000.0,0.0,3.8,114917,0,997.5,0.0,3.99,350,250,0,2
1978.0,0.0,4.03,117108,0,997.5,598.5,3.99,350,250,0,0
2014.0,0.0,4.26,104939,0,246.51,147.906,0.99,351,249,0,0
2008.0,0.0,4.15,109236,0,744.51,446.706,2.99,351,249,7,0
1988.0,0.0,3.94,105032,2,1635.93,981.558,6.57,352,249,0,2
2013.0,0.0,4.23,134022,0,3221.52,0.0,12.99,353,248,0,0
2014.0,0.0,4.77,73572,0,741.52,444.912,2.99,354,248,3,1
1988.0,0.0,4.36,104690,0,738.53,0.0,2.99,355,247,0,0
2001.0,0.0,4.26,103552,0,1141.14,684.684,4.62,356,247,6,0
1978.0,0.0,3.96,104248,0,244.53,146.718,0.99,356,247,0,2
1974.0,0.0,3.96,102574,0,1227.54,736.524,4.99,357,246,8,2
2005.0,0.0,3.91,98379,0,977.55,0.0,3.99,359,245,0,2
1945.0,0.0,4.11,123065,0,977.55,586.53,3.99,360,245,0,0
2006.0,0.0,3.73,101669,0,1698.57,1019.142,6.99,363,243,1,2
2005.0,0.0,4.3,102923,0,726.57,435.942,2.99,364,243,0,0
2010.0,0.0,3.88,127379,0,1494.45,896.67,6.15,364,243,0,2
1947.0,0.0,3.97,95803,0,965.58,0.0,3.99,366,242,0,2
1999.0,0.0,3.95,130213,0,1202.59,721.554,4.99,367,241,8,2
2012.0,0.0,4.0,92849,0,2566.65,1539.99,10.65,368,241,1,2
2007.0,0.0,3.69,131034,0,1197.6,718.56,4.99,370,240,8,2
1941.0,0.0,4.13,105473,0,236.61,141.966,0.99,371,239,0,0
1979.0,0.0,4.17,109110,0,953.61,0.0,3.99,372,239,0,0
1998.0,0.0,4.12,98276,0,1544.62,926.772,6.49,373,238,7,0
1906.0,0.0,3.72,97468,0,1419.63,851.778,5.99,375,237,7,2
2008.0,0.0,4.03,132285,0,471.63,0.0,1.99,376,237,0,0
1985.0,0.0,4.04,102419,1,1182.63,709.578,4.99,376,237,7,0
1978.0,0.0,4.16,93475,0,708.63,0.0,2.99,376,237,0,0
2000.0,0.0,3.95,98464,1,1885.64,1131.384,7.99,378,236,2,2
2014.0,0.0,4.07,73149,0,1642.65,985.59,6.99,380,235,6,0
1999.0,0.0,3.83,55381,0,933.66,560.196,3.99,381,234,0,2
2014.0,0.0,3.93,99729,0,463.67,278.202,1.99,383,233,8,2
1930.0,0.0,3.72,103547,1,461.68,277.008,1.99,385,6264,3,2
1955.0,0.0,4.24,107221,0,925.68,0.0,3.99,385,6264,0,0
2006.0,0.0,4.35,137558,1,2460.15,1476.09,10.65,387,6237,7,0
1953.0,0.0,4.23,96865,1,690.69,414.414,2.99,388,6237,3,0
2001.0,0.0,4.04,111371,0,687.7,412.62,2.99,389,6210,5,0
2011.0,0.0,3.9,90083,1,2509.3,1505.58,10.91,389,6210,7,2
2002.0,0.0,4.49,93990,0,226.71,0.0,0.99,391,6183,0,1
1989.0,0.0,4.32,108652,0,1142.71,0.0,4.99,392,6183,0,0
2005.0,0.0,3.86,94590,0,909.72,0.0,3.99,393,6156,0,2
2003.0,0.0,4.07,101343,0,5902.92,3541.752,25.89,393,6156,3,0
1973.0,0.0,4.06,93151,0,1468.69,881.214,6.47,395,6129,0,0
1988.0,0.0,3.86,110693,0,223.74,134.244,0.99,397,6102,0,2
1920.0,0.0,3.93,102646,0,1188.76,713.256,5.26,398,6102,0,2
1976.0,0.0,4.11,96564,0,897.75,538.65,3.99,400,6075,0,0
2001.0,0.0,4.0,104283,0,221.76,0.0,0.99,401,6048,0,2
1992.0,0.0,4.08,98591,1,1274.56,764.736,5.69,401,6048,0,0
1938.0,0.0,3.62,95620,0,1112.77,0.0,4.99,403,6021,0,2
2011.0,0.0,4.02,119633,0,1781.77,1069.062,7.99,404,6021,6,0
1978.0,0.0,4.15,104677,0,1662.78,997.668,7.49,406,5994,6,0
2010.0,0.0,3.87,97745,0,660.79,396.474,2.99,408,5967,8,2
2009.0,0.0,4.1,103933,0,437.8,262.68,1.99,409,5940,7,0
2006.0,0.0,3.48,99170,0,3955.6,2373.36,17.98,409,5940,0,3
2011.0,0.0,4.2,116360,1,2067.36,1240.416,9.44,411,5913,0,0
2005.0,0.0,4.23,97653,0,1311.81,787.086,5.99,412,5913,5,0
1992.0,0.0,3.47,100158,0,433.82,260.292,1.99,413,5886,0,1
1996.0,0.0,4.11,116171,1,2177.82,1306.692,9.99,414,5886,0,0
1931.0,5.0,4.14,102348,0,1864.03,1118.418,8.59,415,5859,1,0
1974.0,0.0,4.15,87636,0,214.83,128.898,0.99,416,5859,0,0
1994.0,1.0,3.79,100972,0,2311.05,1386.63,10.65,416,5859,7,2
2003.0,0.0,3.57,94696,0,1072.85,0.0,4.99,419,5805,0,2
2006.0,0.0,4.14,97501,0,1717.85,1030.71,7.99,419,5805,7,0
2002.0,0.0,3.94,108031,1,642.85,385.71,2.99,420,5805,0,2
1993.0,0.0,3.83,103151,0,1281.86,0.0,5.99,421,5778,0,2
2011.0,0.0,3.77,105063,0,849.87,509.922,3.99,423,5751,0,2
2015.0,0.0,4.19,132087,0,423.87,254.322,1.99,423,5751,3,0
1997.0,0.0,3.86,100369,0,1062.87,637.722,4.99,424,5751,1,2
2007.0,0.0,3.84,58396,0,1693.88,1016.328,7.99,425,5724,6,2
2011.0,0.0,3.42,90551,0,1080.32,648.192,5.12,427,5697,7,3
1998.0,0.0,3.89,89770,0,630.89,0.0,2.99,428,5697,0,2
2015.0,0.0,3.48,82504,0,2007.6,1204.56,9.56,430,5670,8,3
2004.0,0.0,4.16,104168,0,833.91,0.0,3.99,431,5643,0,0
2012.0,0.0,4.05,121727,1,206.91,124.146,0.99,432,5643,0,0
1954.0,0.0,3.99,98795,0,621.92,0.0,2.99,433,5616,0,2
2008.0,0.0,3.78,85019,0,205.92,0.0,0.99,433,5616,0,2
2014.0,0.0,3.33,88251,1,1245.92,747.552,5.99,434,5616,7,3
2001.0,0.0,4.04,85277,0,1032.93,0.0,4.99,436,5589,0,0
2009.0,0.0,4.12,98180,0,2457.95,1474.77,11.99,439,5535,6,0
1952.0,0.0,3.81,98950,0,1621.97,973.182,7.99,444,5481,6,2
1906.0,0.0,3.94,100223,0,1703.17,1021.902,8.39,444,5481,7,2
2003.0,0.0,4.17,98182,0,603.98,0.0,2.99,445,5454,0,0
2000.0,0.0,4.25,88227,0,603.98,0.0,2.99,445,5454,0,0
2012.0,0.0,4.26,117508,0,600.99,360.594,2.99,447,5427,8,0
2013.0,0.0,3.82,86965,1,198.99,119.394,0.99,447,5427,0,2
2014.0,0.0,3.94,87412,0,399.99,239.994,1.99,448,5427,1,2
1998.0,0.0,3.91,97462,0,500.0,300.0,2.5,449,5400,3,2
2012.0,0.0,4.1,134805,1,1898.0,0.0,9.49,450,5400,0,0
1997.0,0.0,3.95,82591,0,595.01,0.0,2.99,452,5373,0,2
1996.0,0.0,3.8,94821,0,196.02,117.612,0.99,453,5346,0,2
2011.0,0.0,3.89,119735,0,790.02,0.0,3.99,454,5346,0,2
2012.0,0.0,3.69,96568,0,1059.86,635.916,5.38,455,5319,7,2
2011.0,0.0,4.19,73886,0,194.04,0.0,0.99,457,5292,0,0
2001.0,0.0,3.91,90811,0,586.04,0.0,2.99,458,5292,0,2
1993.0,0.0,4.13,93227,2,1480.05,888.03,7.59,459,5265,7,0
2014.0,0.0,4.14,140937,0,583.05,349.83,2.99,460,5265,8,0
1999.0,0.0,3.93,49551,0,192.06,115.236,0.99,462,5238,3,2
2007.0,0.0,3.77,98130,0,191.07,0.0,0.99,463,5211,0,2
2004.0,0.0,4.27,93296,0,770.07,0.0,3.99,463,5211,0,0
2009.0,0.0,4.2,88847,0,1726.08,1035.648,8.99,465,5184,3,0
2001.0,0.0,3.75,93498,0,1468.79,881.274,7.69,468,5157,6,2
1984.0,0.0,4.29,91625,0,948.1,0.0,4.99,470,5130,0,0
2010.0,0.0,3.91,125363,0,376.11,0.0,1.99,471,5103,0,2
1908.0,5.0,4.42,92142,0,1510.11,906.066,7.99,472,5103,7,1
1916.0,0.0,3.6,92569,0,565.11,339.066,2.99,472,5103,7,2
2009.0,0.0,4.34,94095,0,750.12,0.0,3.99,473,5076,0,0
1871.0,0.0,3.93,95995,1,186.12,0.0,0.99,474,5076,0,2
2012.0,0.0,4.3,109344,0,185.13,0.0,0.99,475,5049,0,0
1997.0,5.0,3.89,86870,0,746.13,0.0,3.99,476,5049,0,2
1973.0,0.0,4.59,90907,0,184.14,110.484,0.99,477,5022,0,1
2009.0,0.0,4.12,90483,0,1114.14,668.484,5.99,478,5022,6,0
1986.0,5.0,4.1,91774,0,553.15,331.89,2.99,479,4995,0,0
1989.0,0.0,3.74,94624,0,550.16,330.096,2.99,482,4968,5,2
2006.0,0.0,3.62,73994,0,181.17,0.0,0.99,483,4941,0,2
2005.0,0.0,3.66,78271,0,544.18,326.508,2.99,485,4914,1,2
2013.0,0.0,4.16,76261,0,1243.06,745.836,6.83,486,4914,6,0
1995.0,0.0,4.15,95421,0,903.19,0.0,4.99,488,4887,0,0
1864.0,0.0,3.84,89410,1,1726.2,1035.72,9.59,489,4860,5,2
2009.0,0.0,3.57,94456,0,177.21,106.326,0.99,491,4833,0,2
1962.0,0.0,3.66,84180,0,2280.46,1368.276,12.74,492,4833,1,2
1974.0,0.0,4.0,92158,0,176.22,0.0,0.99,493,4806,0,2
,5.0,4.44,90574,1,532.22,319.332,2.99,493,4806,1,1
1320.0,5.0,3.99,87511,0,354.22,212.532,1.99,493,4806,1,2
2012.0,0.0,4.04,97925,0,1242.44,745.464,6.98,494,4806,0,0
2014.0,0.0,3.94,76553,0,175.23,105.138,0.99,495,4779,0,2
2006.0,0.0,4.18,129150,0,350.24,0.0,1.99,497,4752,0,0
2006.0,0.0,3.68,116687,0,702.24,421.344,3.99,497,4752,0,2
1994.0,0.0,4.05,96981,0,1230.24,738.144,6.99,498,4752,3,0
2015.0,0.0,4.4,74218,0,523.25,0.0,2.99,499,4725,0,1
1667.0,0.0,3.8,96316,0,868.26,0.0,4.99,502,4698,0,2
2009.0,0.0,4.26,37090,0,1216.26,729.756,6.99,502,4698,8,0
1999.0,5.0,3.56,95768,1,1346.76,808.056,7.74,503,4698,0,2
2011.0,0.0,4.36,104579,0,1842.45,1105.47,10.65,505,4671,7,0
2010.0,0.0,4.42,91383,0,344.27,206.562,1.99,505,4671,0,1
1971.0,0.0,4.25,85883,0,171.27,0.0,0.99,508,4671,0,0
2010.0,0.0,3.93,88626,0,517.27,310.362,2.99,509,4671,8,2
2011.0,0.0,3.95,105414,0,170.28,102.168,0.99,511,4644,0,2
2005.0,5.0,3.88,89204,0,1632.28,979.368,9.49,513,4644,6,2
2012.0,0.0,4.04,85582,0,340.29,0.0,1.99,514,4617,0,0
1972.0,0.0,4.31,64779,0,1024.29,0.0,5.99,514,4617,0,0
2011.0,0.0,4.09,83847,0,1879.29,1127.574,10.99,516,4617,5,0
1997.0,0.0,4.14,113400,0,1109.79,665.874,6.49,517,4617,1,0
1905.0,0.0,4.06,93217,0,648.09,388.854,3.79,517,4617,1,0
1971.0,0.0,4.45,102184,0,340.29,0.0,1.99,518,4617,0,1
1972.0,0.0,4.09,106435,0,508.3,304.98,2.99,519,4590,6,0
2012.0,0.0,4.05,135225,0,678.3,0.0,3.99,519,4590,0,0
2009.0,0.0,3.22,74979,0,848.3,0.0,4.99,520,4590,0,3
2013.0,0.0,4.37,114623,1,1688.31,1012.986,9.99,523,4563,8,0
1985.0,0.0,4.11,90917,0,1350.31,810.186,7.99,524,4563,7,0
2011.0,0.0,4.0,108370,0,674.31,404.586,3.99,524,4563,0,2
1999.0,0.0,3.75,82474,0,167.31,100.386,0.99,524,4563,0,2
2012.0,0.0,3.97,61422,0,2153.06,1291.836,12.74,525,4563,5,2
2004.0,0.0,3.79,83607,1,1294.54,776.724,7.66,526,4563,8,2
2011.0,0.0,4.17,97938,0,1843.79,1106.274,10.91,526,4563,5,0
2013.0,0.0,3.54,76566,0,1342.32,805.392,7.99,528,4536,3,2
1988.0,0.0,4.65,93001,0,166.32,0.0,0.99,530,4536,0,1
2008.0,0.0,4.0,95796,0,1291.92,775.152,7.69,531,4536,6,2
2012.0,5.0,4.13,89460,0,332.33,199.398,1.99,532,4509,3,0
1953.0,5.0,4.14,93640,1,165.33,0.0,0.99,534,4509,0,0
1984.0,0.0,4.08,93774,0,1985.63,1191.378,11.89,535,4509,3,0
1927.0,0.0,4.11,80769,0,833.33,499.998,4.99,535,4509,0,0
2001.0,0.0,4.1,89468,1,1835.33,1101.198,10.99,536,4509,7,0
2012.0,0.0,3.95,80991,0,1152.04,691.224,6.94,537,4482,7,2
1996.0,0.0,4.21,82608,0,164.34,0.0,0.99,538,4482,0,0
1953.0,0.0,4.09,87141,0,1226.74,0.0,7.39,539,4482,0,0
2004.0,0.0,4.0,113066,0,1153.35,692.01,6.99,541,4455,6,2
2007.0,0.0,4.03,83881,0,823.35,494.01,4.99,542,4455,0,0
2014.0,0.0,4.53,123843,0,163.35,98.01,0.99,543,4455,1,1
1994.0,0.0,4.1,91046,0,823.35,494.01,4.99,544,4455,1,0
2009.0,0.0,3.81,99841,0,1757.25,1054.35,10.65,545,4455,6,2
2003.0,0.0,3.92,82090,0,162.36,0.0,0.99,546,4428,0,2
2005.0,0.0,4.43,87098,1,1746.6,1047.96,10.65,547,4428,6,1
2014.0,0.0,4.41,110719,0,162.36,97.416,0.99,549,4428,0,1
2016.0,0.0,3.55,90477,0,162.36,0.0,0.99,549,4428,0,2
2012.0,0.0,4.25,131906,0,162.36,97.416,0.99,550,4428,0,0
2011.0,0.0,3.99,81712,0,324.37,194.622,1.99,551,4401,0,2
1964.0,0.0,4.04,69992,0,813.37,488.022,4.99,551,4401,6,0
2006.0,0.0,4.08,99390,0,1470.26,882.156,9.02,553,4401,7,0
2000.0,0.0,3.91,118624,0,161.37,96.822,0.99,554,4401,0,2
2001.0,0.0,4.18,97736,1,322.38,193.428,1.99,557,4374,0,0
2007.0,0.0,4.08,71156,1,322.38,193.428,1.99,557,4374,0,0
2011.0,0.0,4.37,83085,0,160.38,96.228,0.99,558,4374,0,0
1998.0,0.0,3.81,80577,0,320.39,192.234,1.99,561,4347,7,2
1976.0,0.0,3.79,92980,1,642.39,385.434,3.99,561,4347,1,2
2009.0,0.0,3.28,103995,0,615.02,369.012,3.82,562,4347,0,3
2013.0,0.0,3.8,81616,0,478.4,287.04,2.99,565,4320,5,2
1868.0,0.0,4.18,74642,0,1438.4,863.04,8.99,565,4320,6,0
1987.0,0.0,3.97,89569,1,478.4,0.0,2.99,566,4320,0,2
2008.0,0.0,4.1,91831,0,478.4,0.0,2.99,567,4320,0,0
2015.0,0.0,3.89,74199,0,1598.4,959.04,9.99,568,4320,7,2
2014.0,0.0,4.1,97058,0,475.41,0.0,2.99,570,4293,0,0
2015.0,0.0,3.85,94231,0,157.41,0.0,0.99,571,4293,0,2
2012.0,0.0,4.24,85136,0,475.41,0.0,2.99,572,4293,0,0
1997.0,0.0,4.07,45382,0,634.41,380.646,3.99,572,4293,1,0
2005.0,0.0,4.17,95950,0,314.42,188.652,1.99,574,4266,8,0
2008.0,0.0,3.96,99638,0,1136.02,681.612,7.19,575,4266,0,2
1998.0,0.0,3.88,84367,0,472.42,283.452,2.99,576,4266,0,2
2009.0,0.0,3.96,90138,0,1420.42,852.252,8.99,577,4266,3,2
2004.0,0.0,3.98,84957,0,469.43,0.0,2.99,578,4239,0,2
2012.0,5.0,3.56,109290,0,155.43,0.0,0.99,580,4239,0,2
1981.0,0.0,3.99,75502,1,1474.23,884.538,9.39,581,4239,0,2
2004.0,0.0,3.86,82535,0,154.44,0.0,0.99,585,4212,0,2
1999.0,5.0,3.83,80377,1,778.44,467.064,4.99,585,4212,7,2
1930.0,0.0,4.03,93963,1,669.24,401.544,4.29,586,4212,4,0
1998.0,0.0,3.97,94478,0,2106.45,1263.87,13.59,589,4185,3,2
2007.0,0.0,4.07,80434,0,618.45,0.0,3.99,589,4185,0,0
1958.0,0.0,3.97,105770,1,1230.46,738.276,7.99,591,4158,6,2
2015.0,0.0,3.85,111044,0,614.46,0.0,3.99,592,4158,0,2
2002.0,0.0,3.77,88139,0,460.46,0.0,2.99,594,4158,0,2
1859.0,0.0,3.98,93134,0,768.46,0.0,4.99,594,4158,0,2
2015.0,0.0,4.21,66979,0,1167.32,700.392,7.58,595,4158,6,0
2009.0,0.0,3.96,104730,0,610.47,0.0,3.99,596,4131,0,2
1998.0,0.0,4.17,106871,0,151.47,90.882,0.99,597,4131,0,0
1996.0,0.0,4.06,80906,0,151.47,0.0,0.99,598,4131,0,0
2009.0,0.0,3.95,85006,0,1176.57,705.942,7.69,600,4131,6,2
2006.0,0.0,4.14,110812,0,1618.8,971.28,10.65,601,4104,6,0
1995.0,0.0,4.1,83235,0,1111.12,666.672,7.31,603,4104,6,0
2010.0,0.0,3.73,83461,0,910.48,546.288,5.99,603,4104,8,2
1847.0,0.0,3.76,91323,0,149.49,0.0,0.99,605,4077,0,2
1959.0,0.0,4.16,72493,0,151.0,90.6,1.0,607,4077,0,0
1992.0,2.0,3.81,71053,0,661.38,396.828,4.38,608,4077,0,2
2016.0,0.0,3.45,79762,1,1508.49,905.094,9.99,608,4077,0,3
2001.0,0.0,3.99,101016,0,1125.0,675.0,7.5,610,4050,6,2
2001.0,0.0,3.98,75665,0,598.5,0.0,3.99,611,4050,0,2
1993.0,0.0,3.6,72675,0,594.51,356.706,3.99,615,4023,6,2
2012.0,0.0,4.02,102012,0,594.51,356.706,3.99,615,4023,8,0
2012.0,0.0,4.29,71971,1,1488.51,893.106,9.99,616,4023,4,0
2013.0,0.0,3.82,67873,0,594.51,0.0,3.99,616,4023,0,2
1999.0,0.0,3.77,77462,2,1427.42,856.452,9.58,617,4023,0,2
1927.0,0.0,3.76,83066,0,1144.04,686.424,7.73,619,3996,5,2
2004.0,0.0,3.43,67438,0,146.52,0.0,0.99,620,3996,0,3
1993.0,0.0,4.02,104252,0,442.52,0.0,2.99,622,3996,0,0
2002.0,0.0,4.09,93119,0,145.53,87.318,0.99,624,3969,0,0
1874.0,0.0,3.92,87427,0,1997.73,1198.638,13.59,624,3969,3,2
1987.0,0.0,4.0,88673,0,145.53,0.0,0.99,625,3969,0,2
2000.0,0.0,4.13,75469,0,439.53,0.0,2.99,625,3969,0,0
1993.0,3.0,4.11,83695,0,439.53,263.718,2.99,626,3969,0,0
2013.0,0.0,3.98,56315,0,1074.57,644.742,7.31,627,3969,6,2
2011.0,0.0,4.02,101234,0,675.98,405.588,4.63,628,3942,1,0
1918.0,0.0,3.76,81102,0,582.54,0.0,3.99,629,3942,0,2
2006.0,0.0,3.89,94282,1,1097.92,658.752,7.52,629,3942,0,2
2004.0,0.0,4.02,74511,1,1166.54,699.924,7.99,630,3942,7,0
2004.0,5.0,3.91,67937,0,1251.22,750.732,8.57,631,3942,0,2
2012.0,0.0,4.14,71276,0,144.54,0.0,0.99,631,3942,0,0
-300.0,0.0,4.31,39863,0,665.55,399.33,4.59,632,3915,6,0
1979.0,0.0,4.27,74052,0,723.55,0.0,4.99,632,3915,0,0
2008.0,0.0,3.91,86471,0,990.35,594.21,6.83,634,3915,8,2
2003.0,0.0,4.01,70550,2,1448.55,869.13,9.99,635,3915,0,0
2001.0,5.0,4.15,77538,0,868.55,521.13,5.99,636,3915,1,0
2015.0,0.0,3.76,75320,0,1134.72,680.832,7.88,637,3888,1,2
1969.0,0.0,3.86,82580,0,570.57,0.0,3.99,641,3861,0,2
1945.0,0.0,4.28,75031,0,1428.57,857.142,9.99,642,3861,6,0
2004.0,5.0,3.76,77592,1,1072.5,643.5,7.5,645,3861,7,2
1835.0,0.0,4.28,90999,0,708.58,0.0,4.99,646,3834,0,0
2009.0,0.0,4.34,82399,0,1560.58,936.348,10.99,647,61560,6,0
2014.0,0.0,4.33,81707,0,969.86,581.916,6.83,649,61128,7,0
1999.0,0.0,3.41,78132,0,562.59,0.0,3.99,651,61128,0,3
1915.0,0.0,4.21,97049,0,139.59,83.754,0.99,652,60696,7,0
1883.0,0.0,4.05,65362,0,1030.71,618.426,7.31,652,59400,6,0
1854.0,0.0,4.13,95274,0,562.59,0.0,3.99,653,58968,0,0
2011.0,0.0,3.89,72713,0,558.6,0.0,3.99,655,57240,0,2
2010.0,0.0,4.0,62784,0,418.6,251.16,2.99,658,56808,0,2
1995.0,0.0,3.72,83389,0,1398.6,839.16,9.99,658,55728,0,2
2013.0,0.0,3.74,100593,0,698.6,0.0,4.99,659,55080,0,2
1996.0,0.0,4.0,86421,1,137.61,0.0,0.99,661,54000,0,2
-560.0,0.0,4.05,88508,0,693.61,0.0,4.99,663,53784,0,0
1985.0,0.0,4.18,71095,0,725.88,435.528,5.26,665,53784,6,0
2012.0,0.0,4.22,107569,0,1516.62,909.972,10.99,666,53784,6,0
1985.0,0.0,3.93,82320,0,957.72,574.632,6.94,668,53568,7,2
2002.0,5.0,3.73,66713,0,1094.63,656.778,7.99,671,53352,1,2
2009.0,0.0,3.42,67866,0,836.4,501.84,6.15,675,53352,0,2
2005.0,0.0,4.1,89733,1,1225.36,0.0,9.01,675,53136,0,0
2002.0,0.0,4.3,91012,0,542.64,0.0,3.99,676,52920,0,0
1968.0,0.0,4.1,95378,0,133.65,0.0,0.99,679,52488,0,0
2007.0,0.0,3.81,108399,0,538.65,0.0,3.99,680,52488,0,2
2014.0,0.0,4.3,107583,0,808.65,485.19,5.99,681,52488,7,0
1998.0,0.0,3.95,84770,1,873.68,524.208,6.52,682,52056,0,2
1977.0,0.0,3.82,80959,0,1191.26,714.756,8.89,684,52056,1,2
1992.0,5.0,3.88,83741,0,663.67,0.0,4.99,688,51840,0,2
2012.0,0.0,4.22,91213,0,530.67,0.0,3.99,689,51624,0,0
1914.0,0.0,3.85,73140,0,397.67,238.602,2.99,690,51408,7,2
2009.0,0.0,3.93,71515,0,394.68,0.0,2.99,692,51192,0,2
2003.0,0.0,4.04,94437,0,394.68,0.0,2.99,692,51192,0,0
2001.0,0.0,4.11,78070,0,394.68,236.808,2.99,693,50976,0,0
1987.0,0.0,3.48,89262,0,790.68,0.0,5.99,693,50760,0,1
2010.0,0.0,3.96,109881,0,526.68,0.0,3.99,693,50544,0,2
2010.0,0.0,3.86,93625,0,130.68,78.408,0.99,694,50328,0,2
1999.0,0.0,4.25,72683,2,327.36,196.416,2.48,694,50112,7,0
2013.0,0.0,4.05,111668,0,394.68,0.0,2.99,695,49896,0,0
2000.0,0.0,3.98,78529,0,260.69,156.414,1.99,696,49896,8,2
1996.0,0.0,3.7,77251,0,1395.15,837.09,10.65,698,49680,1,2
1993.0,0.0,3.98,77277,1,129.69,77.814,0.99,699,49680,0,2
2010.0,0.0,3.84,95447,1,260.69,156.414,1.99,700,49248,3,2
2011.0,0.0,3.91,44097,0,492.7,295.62,3.79,701,49032,5,2
2005.0,0.0,3.68,79662,0,258.7,155.22,1.99,703,48816,7,2
1995.0,0.0,4.15,72481,0,1656.2,993.72,12.74,704,48816,5,0
2000.0,0.0,4.18,99329,0,514.71,0.0,3.99,705,48600,0,0
2012.0,0.0,3.85,72277,0,127.71,0.0,0.99,707,48384,0,2
2006.0,0.0,4.08,78523,1,127.71,76.626,0.99,707,48168,0,0
2003.0,0.0,4.24,66406,0,127.71,0.0,0.99,708,47952,0,0
2003.0,0.0,3.99,86062,0,127.71,0.0,0.99,709,47736,0,2
2007.0,0.0,3.91,71023,0,885.76,531.456,6.92,710,47520,6,2
1981.0,0.0,3.85,70241,2,888.32,532.992,6.94,710,47520,0,2
1958.0,0.0,4.33,77258,0,1470.72,882.432,11.49,711,47304,7,0
1994.0,0.0,4.07,80056,0,787.2,472.32,6.15,712,47304,0,0
1939.0,0.0,4.04,84489,0,126.72,76.032,0.99,713,47088,0,0
1945.0,0.0,4.02,81598,0,1153.28,691.968,9.01,713,47088,3,0
2011.0,0.0,3.72,74358,0,843.28,505.968,6.64,714,46872,1,2
2000.0,0.0,3.83,101325,0,1395.73,837.438,10.99,716,46872,6,2
2012.0,0.0,3.95,72328,0,125.73,75.438,0.99,716,46872,0,2
2013.0,0.0,4.19,106236,0,506.73,0.0,3.99,717,46440,0,0
2009.0,0.0,4.11,82518,0,502.74,0.0,3.99,719,46440,0,0
1308.0,0.0,4.06,74130,0,124.74,0.0,0.99,720,46008,0,0
1982.0,0.0,4.01,69975,0,1198.75,719.25,9.59,724,46008,3,0
2012.0,0.0,4.33,111448,0,1127.5,676.5,9.02,725,46008,7,0
2013.0,0.0,4.28,109183,0,122.76,73.656,0.99,728,45792,0,0
2003.0,0.0,3.79,78129,0,370.76,0.0,2.99,730,45576,0,2
2005.0,0.0,4.04,95638,0,121.77,73.062,0.99,733,45360,0,0
2015.0,0.0,3.73,53751,0,121.77,73.062,0.99,736,45144,7,2
2016.0,0.0,3.49,76761,0,974.78,584.868,7.99,737,44928,7,3
2003.0,0.0,4.18,92952,0,120.78,72.468,0.99,738,44280,8,0
2001.0,0.0,4.19,86103,0,1096.78,658.068,8.99,739,43848,7,0
2010.0,5.0,3.93,66381,0,486.78,292.068,3.99,740,43848,0,2
1881.0,0.0,3.84,84682,0,966.79,580.074,7.99,741,43416,7,2
1966.0,0.0,4.17,80366,0,930.49,558.294,7.69,743,43416,6,0
2010.0,0.0,4.17,35283,0,119.79,71.874,0.99,743,43416,0,0
1999.0,0.0,4.17,92737,2,671.55,402.93,5.55,745,43200,0,0
2013.0,0.0,3.9,75018,0,118.8,0.0,0.99,746,42768,0,2
2010.0,0.0,4.42,82565,0,118.8,71.28,0.99,748,42552,0,1
1933.0,0.0,3.83,79008,0,118.8,71.28,0.99,750,42120,0,2
1984.0,5.0,3.99,82281,0,950.81,570.486,7.99,751,42120,7,2
1945.0,0.0,3.67,90032,1,117.81,70.686,0.99,752,41904,0,2
2011.0,0.0,3.88,64637,1,912.73,547.638,7.67,753,41472,7,2
2007.0,0.0,3.84,66129,0,355.81,0.0,2.99,757,41256,0,2
1996.0,0.0,3.77,52031,0,117.81,0.0,0.99,759,40824,0,2
2011.0,0.0,3.99,75541,0,712.81,427.686,5.99,760,40824,6,2
1970.0,0.0,3.96,76925,0,117.81,70.686,0.99,760,40176,0,2
2011.0,0.0,4.36,87718,0,236.81,142.086,1.99,761,40176,0,0
1996.0,0.0,3.79,83351,0,712.81,427.686,5.99,762,39960,5,2
2009.0,0.0,4.14,78592,0,474.81,0.0,3.99,764,39744,0,0
2012.0,0.0,3.91,67928,0,355.81,0.0,2.99,764,39312,0,2
1973.0,0.0,4.07,87277,0,355.81,0.0,2.99,765,39312,0,0
2012.0,0.0,4.18,81621,1,1188.81,713.286,9.99,765,38880,1,0
2015.0,0.0,4.27,66782,0,355.81,213.486,2.99,766,38664,0,0
2003.0,0.0,4.12,81326,0,117.81,0.0,0.99,767,38664,0,0
2011.0,0.0,4.2,72185,0,593.81,0.0,4.99,768,38448,0,0
2011.0,0.0,3.77,87066,1,117.81,70.686,0.99,770,38448,0,2
1985.0,0.0,3.9,80075,0,784.21,470.526,6.59,770,38448,0,2
2012.0,5.0,4.34,108884,0,1082.9,649.74,9.1,770,38232,0,0
1897.0,0.0,3.62,84778,0,117.81,70.686,0.99,772,38016,5,2
1985.0,0.0,4.15,63764,0,117.81,70.686,0.99,773,38016,0,0
1994.0,0.0,3.57,62106,0,915.11,549.066,7.69,775,37584,7,2
1812.0,0.0,3.92,78355,0,355.81,0.0,2.99,779,37584,0,2
1990.0,0.0,3.9,76376,1,640.22,384.132,5.38,779,37368,3,2
2012.0,0.0,3.81,91630,0,1307.81,784.686,10.99,781,37368,7,2
1909.0,0.0,4.21,99918,0,117.81,70.686,0.99,782,37368,0,0
1930.0,0.0,4.15,82102,0,593.81,0.0,4.99,783,37152,0,0
2013.0,0.0,3.71,59973,0,355.81,0.0,2.99,783,37152,0,2
1996.0,0.0,3.74,74517,0,1022.21,613.326,8.59,784,36936,0,2
1922.0,0.0,3.74,76791,0,117.81,0.0,0.99,786,36936,0,2
1998.0,0.0,3.94,84358,1,355.81,213.486,2.99,786,36936,8,2
2003.0,0.0,4.15,75307,1,950.81,570.486,7.99,787,36720,2,0
1990.0,0.0,4.1,79824,1,357.54,214.524,3.03,789,36504,0,0
1986.0,0.0,4.24,71815,0,352.82,0.0,2.99,791,36504,0,0
2012.0,0.0,4.21,97615,0,116.82,70.092,0.99,792,36504,0,0
2015.0,0.0,3.56,66085,0,862.58,517.548,7.31,792,36504,3,2
1998.0,5.0,3.83,73515,0,862.58,517.548,7.31,794,36504,6,2
1945.0,0.0,3.88,89033,0,352.82,211.692,2.99,797,36504,0,2
1953.0,0.0,4.39,72311,0,1060.82,636.492,8.99,797,36504,3,0
1999.0,0.0,4.06,32626,0,352.82,0.0,2.99,798,36288,0,0
2000.0,0.0,3.97,99311,0,116.82,0.0,0.99,799,36288,0,2
2001.0,0.0,4.15,94506,0,1320.42,792.252,11.19,800,36072,3,0
2009.0,0.0,4.16,95026,0,761.1,456.66,6.45,802,36072,8,0
2003.0,0.0,4.32,83664,2,654.9,392.94,5.55,802,36072,0,0
1993.0,0.0,4.22,87423,0,116.82,70.092,0.99,803,36072,0,0
2007.0,0.0,4.27,68865,0,116.82,70.092,0.99,804,35856,7,0
2007.0,0.0,3.73,72734,0,824.82,494.892,6.99,804,35640,1,2
2002.0,0.0,4.17,93057,1,1060.82,636.492,8.99,805,35640,7,0
2001.0,0.0,3.94,89733,0,706.82,424.092,5.99,808,35640,6,2
1973.0,0.0,3.99,72493,1,502.68,301.608,4.26,809,35640,4,2
1980.0,0.0,4.35,76440,1,1131.62,678.972,9.59,810,35640,6,0
2005.0,0.0,3.59,68861,0,234.82,140.892,1.99,810,35424,8,2
1987.0,0.0,4.13,73573,0,588.82,0.0,4.99,811,35424,0,0
2006.0,0.0,4.16,59333,0,1680.32,1008.192,14.24,811,35424,6,0
1981.0,0.0,3.95,56200,0,1128.08,676.848,9.56,813,35208,8,2
1891.0,5.0,4.22,65422,1,352.82,211.692,2.99,814,35208,0,0
2011.0,0.0,4.02,71868,2,872.02,523.212,7.39,816,35208,0,0
2013.0,0.0,3.82,62231,0,470.82,282.492,3.99,818,35208,0,2
2004.0,0.0,4.2,83085,1,824.82,494.892,6.99,818,34992,7,0
2009.0,0.0,3.98,87665,0,352.82,0.0,2.99,819,34992,0,2
2000.0,5.0,3.71,69351,0,942.82,565.692,7.99,820,34992,6,2
1997.0,0.0,4.18,67125,0,470.82,0.0,3.99,821,34776,0,0
1967.0,0.0,3.96,78766,0,588.82,0.0,4.99,823,34776,0,2
1984.0,0.0,4.12,79508,1,234.82,140.892,1.99,823,34776,0,0
1998.0,0.0,3.9,74815,0,234.82,140.892,1.99,824,34560,0,2
1958.0,0.0,3.94,62454,2,725.7,435.42,6.15,825,34560,0,2
2010.0,0.0,4.21,92922,0,466.83,0.0,3.99,826,34560,0,0
2012.0,0.0,3.97,69596,0,934.83,560.898,7.99,827,34344,7,2
1934.0,0.0,4.05,82706,0,349.83,209.898,2.99,830,34128,0,0
2007.0,0.0,4.23,68255,0,349.83,209.898,2.99,831,34128,0,0
1984.0,0.0,3.57,81579,0,115.83,0.0,0.99,832,34128,0,2
2008.0,0.0,4.28,68063,0,232.83,139.698,1.99,832,34128,3,0
2007.0,0.0,4.18,106608,0,232.83,139.698,1.99,834,33912,0,0
1980.0,0.0,3.94,82458,0,855.27,513.162,7.31,836,33696,7,2
2003.0,0.0,4.29,80740,1,1519.83,911.898,12.99,836,33696,0,0
2002.0,0.0,3.82,68676,0,466.83,0.0,3.99,837,33480,0,2
1987.0,0.0,3.92,72714,1,700.83,420.498,5.99,837,33264,3,2
1976.0,0.0,3.9,74133,0,115.83,0.0,0.99,838,33264,0,2
2011.0,0.0,4.2,68416,1,1689.48,1013.688,14.44,840,33048,3,0
2015.0,0.0,4.6,99067,0,349.83,209.898,2.99,841,33048,5,1
1991.0,0.0,4.41,90147,1,583.83,350.298,4.99,842,32832,1,1
1962.0,0.0,4.13,81914,0,1170.0,702.0,10.0,843,32832,0,0
2003.0,0.0,4.16,86963,0,1402.83,841.698,11.99,844,32832,6,0
2012.0,0.0,3.86,68224,1,115.83,0.0,0.99,845,32616,0,2
1994.0,0.0,4.1,72207,0,349.83,0.0,2.99,846,32616,0,0
1999.0,0.0,3.82,62229,0,1084.59,650.754,9.27,846,32616,6,2
2012.0,0.0,3.81,61135,1,232.83,139.698,1.99,848,32400,0,2
2003.0,0.0,3.86,79117,0,466.83,0.0,3.99,852,32184,0,2
2004.0,0.0,4.04,91390,1,349.83,0.0,2.99,852,32184,0,0
1986.0,0.0,4.36,81553,0,466.83,0.0,3.99,853,32184,0,0
2009.0,0.0,4.42,68854,0,1391.13,834.678,11.89,854,32184,8,1
2011.0,0.0,4.06,99942,0,232.83,139.698,1.99,857,31968,1,0
1988.0,5.0,4.1,67128,0,799.11,479.466,6.83,859,31752,5,0
2005.0,0.0,4.12,71379,0,349.83,0.0,2.99,860,31752,0,0
2002.0,0.0,3.81,75275,0,583.83,350.298,4.99,862,31752,6,2
-17.0,0.0,3.81,75051,0,114.84,0.0,0.99,863,31752,0,2
2012.0,0.0,3.75,66720,1,624.08,374.448,5.38,865,31536,0,2
2004.0,0.0,3.68,64278,0,694.84,0.0,5.99,866,31536,0,2
1992.0,0.0,3.97,63304,0,892.04,535.224,7.69,867,31536,7,2
2010.0,0.0,4.14,80367,0,346.84,0.0,2.99,868,31536,0,0
2012.0,0.0,4.08,93818,0,462.84,0.0,3.99,869,31320,0,0
2001.0,0.0,3.85,90908,0,114.84,68.904,0.99,869,31320,7,2
1977.0,0.0,4.26,77206,0,1158.84,695.304,9.99,871,31320,6,0
1979.0,0.0,4.11,71775,1,462.84,277.704,3.99,871,31320,1,0
2001.0,0.0,4.01,90071,1,230.84,138.504,1.99,873,31104,7,0
2004.0,0.0,3.9,79746,0,462.84,277.704,3.99,877,30888,0,2
2007.0,0.0,4.3,97830,0,694.84,0.0,5.99,879,30888,0,0
2005.0,0.0,4.25,72797,0,770.24,462.144,6.64,879,30672,1,0
2007.0,0.0,4.14,87335,0,114.84,68.904,0.99,881,30672,0,0
2007.0,0.0,3.96,64347,2,694.84,416.904,5.99,883,30456,0,2
2013.0,0.0,4.21,97616,0,114.84,68.904,0.99,884,30456,0,0
2004.0,0.0,3.69,65397,0,114.84,68.904,0.99,885,30240,0,2
2012.0,0.0,3.8,89356,0,114.84,0.0,0.99,886,30240,0,2
2004.0,0.0,4.09,69058,1,810.84,486.504,6.99,886,29808,8,0
1980.0,0.0,4.04,56802,0,346.84,0.0,2.99,887,29808,0,0
2004.0,0.0,4.12,68480,0,114.84,0.0,0.99,890,29808,0,0
2005.0,0.0,3.77,65428,0,114.84,68.904,0.99,892,29592,0,2
2011.0,0.0,3.78,94176,0,462.84,0.0,3.99,892,29376,0,2
1978.0,0.0,4.03,61238,1,1042.84,625.704,8.99,893,29160,0,0
2004.0,0.0,4.33,79627,1,1041.68,625.008,8.98,894,28944,0,0
1942.0,0.0,4.09,92916,0,1506.84,904.104,12.99,894,28944,8,0
2013.0,0.0,3.3,60323,1,784.16,470.496,6.76,897,28728,0,3
2011.0,0.0,3.73,70446,0,346.84,0.0,2.99,898,28512,0,2
2016.0,0.0,4.72,108384,0,1158.84,695.304,9.99,900,28512,8,1
2010.0,0.0,3.84,60409,0,926.84,556.104,7.99,900,28512,7,2
2008.0,0.0,4.11,60126,0,458.85,0.0,3.99,903,28296,0,0
1998.0,0.0,3.5,71777,0,1367.35,820.41,11.89,904,28296,8,2
1985.0,0.0,3.86,55678,0,573.85,0.0,4.99,905,28296,0,2
1992.0,0.0,4.42,66079,0,343.85,0.0,2.99,907,2943,0,1
1859.0,0.0,3.97,64162,0,1033.85,620.31,8.99,909,2943,3,2
2003.0,0.0,4.06,70454,0,343.85,0.0,2.99,909,2943,0,0
2008.0,0.0,3.6,70382,1,343.85,0.0,2.99,910,2943,0,2
2000.0,0.0,3.73,67768,0,573.85,0.0,4.99,911,2916,0,2
1971.0,0.0,4.01,59295,1,343.85,206.31,2.99,913,2916,3,0
1992.0,0.0,3.97,68451,0,458.85,0.0,3.99,914,2916,0,2
1914.0,5.0,4.46,66857,1,1263.85,758.31,10.99,914,2916,7,1
1997.0,0.0,4.42,67047,0,458.85,0.0,3.99,915,2916,0,1
1968.0,0.0,4.18,76277,0,343.85,0.0,2.99,916,2916,0,0
2005.0,0.0,3.8,86805,0,343.85,206.31,2.99,917,2916,0,2
2000.0,0.0,3.89,81945,0,458.85,0.0,3.99,918,2916,0,2
2008.0,0.0,4.05,72480,0,803.85,482.31,6.99,920,2916,6,0
2015.0,0.0,4.07,61439,0,930.35,558.21,8.09,921,2916,6,0
1894.0,0.0,3.94,67107,0,113.85,68.31,0.99,922,2916,0,2
2013.0,0.0,4.23,49740,0,573.85,344.31,4.99,924,2916,0,0
1956.0,0.0,4.14,71968,1,1269.6,761.76,11.04,926,2916,3,0
1997.0,0.0,3.95,63324,0,884.35,530.61,7.69,927,2916,7,2
2011.0,0.0,4.26,71816,0,113.85,68.31,0.99,930,2916,0,0
1992.0,0.0,3.96,72426,1,573.85,344.31,4.99,931,2916,8,2
2003.0,0.0,3.96,70335,0,573.85,344.31,4.99,933,2916,5,2
2011.0,0.0,3.37,66104,0,113.85,0.0,0.99,936,2916,0,3
2005.0,0.0,4.16,96417,0,343.85,0.0,2.99,937,2916,0,0
2007.0,0.0,4.33,97514,0,910.86,546.516,7.99,938,2916,0,0
2004.0,0.0,4.36,75186,0,1366.86,820.116,11.99,939,2916,6,0
1830.0,0.0,4.37,63530,0,1366.86,820.116,11.99,941,2916,7,0
1980.0,0.0,3.92,82062,1,340.86,204.516,2.99,943,2916,0,2
2005.0,0.0,4.43,78123,0,568.86,0.0,4.99,944,2916,0,1
2015.0,0.0,4.46,57614,0,112.86,0.0,0.99,946,2916,0,1
2002.0,0.0,4.47,71271,1,910.86,546.516,7.99,947,2916,0,1
1986.0,0.0,3.94,75196,1,112.86,67.716,0.99,949,2916,0,2
2009.0,0.0,3.82,65277,0,876.66,525.996,7.69,950,2916,7,2
2015.0,0.0,3.95,60737,0,226.86,0.0,1.99,952,2916,0,2
2008.0,0.0,4.26,65068,0,568.86,341.316,4.99,952,2916,5,0
2014.0,0.0,3.75,53662,0,568.86,0.0,4.99,953,2916,0,2
1954.0,0.0,4.16,80883,0,112.86,67.716,0.99,955,2916,0,0
2006.0,0.0,4.16,37792,2,226.86,136.116,1.99,956,2889,3,0
2001.0,0.0,4.29,78903,0,876.66,525.996,7.69,957,2889,6,0
2006.0,0.0,4.16,90157,0,340.86,204.516,2.99,958,2889,0,0
2007.0,0.0,4.37,74378,1,1366.86,820.116,11.99,960,2889,6,0
2015.0,0.0,4.49,100464,1,397.86,0.0,3.49,961,2889,0,1
1886.0,0.0,3.94,80299,0,568.86,341.316,4.99,963,2889,7,2
2012.0,0.0,4.4,67264,0,340.86,0.0,2.99,963,2889,0,1
2008.0,0.0,4.27,64416,0,454.86,272.916,3.99,966,2889,0,0
1678.0,5.0,3.98,67777,0,856.14,513.684,7.51,967,2889,6,2
2005.0,0.0,4.2,63335,0,340.86,204.516,2.99,968,2889,8,0
2012.0,0.0,4.28,82757,0,345.42,0.0,3.03,968,2889,0,0
2008.0,0.0,3.93,73807,0,844.74,506.844,7.41,969,2889,5,2
2006.0,0.0,3.93,69948,0,228.0,0.0,2.0,970,2889,0,2
2000.0,0.0,3.92,71355,0,597.36,358.416,5.24,970,2889,0,2
2006.0,0.0,4.41,75133,0,778.62,467.172,6.83,971,2889,8,1
1864.0,0.0,4.17,65900,0,910.86,546.516,7.99,971,2889,7,0
1940.0,0.0,3.97,67643,0,454.86,0.0,3.99,972,2889,0,2
2014.0,0.0,3.94,78314,0,454.86,0.0,3.99,973,2889,0,2
1958.0,0.0,4.08,76911,1,746.7,448.02,6.55,973,2889,5,0
1992.0,0.0,4.27,72588,0,1220.4,732.24,10.8,977,2889,3,0
1999.0,0.0,3.89,73000,0,431.66,258.996,3.82,980,2889,0,2
2006.0,0.0,4.12,48305,0,902.87,541.722,7.99,981,2889,1,0
2007.0,0.0,4.1,61496,0,563.87,0.0,4.99,982,2889,0,0
2012.0,4.0,3.8,53187,1,1128.87,677.322,9.99,984,2889,0,2
1980.0,0.0,3.89,77046,0,450.87,0.0,3.99,985,2889,0,2
2012.0,0.0,4.5,68410,0,450.87,0.0,3.99,986,2889,0,1
2012.0,0.0,3.58,82270,1,1241.87,745.122,10.99,988,2889,7,2
2010.0,0.0,4.16,68701,1,111.87,67.122,0.99,990,2889,0,0
2002.0,5.0,4.34,63691,0,169.5,101.7,1.5,992,2889,3,0
1998.0,0.0,3.84,71411,0,450.87,270.522,3.99,993,2862,8,2
2002.0,0.0,4.01,68834,0,1388.77,833.262,12.29,993,2862,3,0
1986.0,0.0,4.53,76785,1,111.87,67.122,0.99,994,2862,0,1
2001.0,0.0,3.92,85683,1,111.87,67.122,0.99,995,2862,0,2
1989.0,0.0,4.17,61842,0,111.87,0.0,0.99,996,2862,0,0
1978.0,0.0,4.14,74121,0,864.45,518.67,7.65,997,2862,6,0
1998.0,0.0,4.14,61498,1,1327.75,796.65,11.75,1000,2862,7,0
2014.0,0.0,3.81,53151,0,781.96,469.176,6.92,1001,2862,7,2
1998.0,0.0,3.86,67753,0,450.87,270.522,3.99,1001,2862,0,2
2010.0,0.0,4.1,59715,0,337.87,0.0,2.99,1004,2862,0,0
2004.0,0.0,3.85,63114,1,970.67,582.402,8.59,1005,2862,6,2
2003.0,0.0,3.6,58428,0,1015.87,609.522,8.99,1006,2862,1,2
2005.0,0.0,4.15,84363,0,846.37,507.822,7.49,1006,2862,6,0
2005.0,0.0,3.91,82291,0,789.87,473.922,6.99,1007,2862,0,2
2003.0,0.0,3.75,56548,0,111.87,67.122,0.99,1007,2862,0,2
1945.0,0.0,3.99,69087,1,224.87,134.922,1.99,1008,2862,0,2
2007.0,0.0,4.41,73534,0,111.87,67.122,0.99,1009,2862,0,1
2014.0,0.0,3.58,56344,0,224.87,134.922,1.99,1010,2862,3,2
1984.0,0.0,4.03,76219,1,992.14,595.284,8.78,1011,2862,8,0
2006.0,0.0,4.01,103844,1,282.5,169.5,2.5,1012,2862,0,0
2006.0,0.0,3.59,85873,0,110.88,66.528,0.99,1013,2862,0,2
2005.0,0.0,4.28,74156,1,838.88,503.328,7.49,1015,2862,5,0
2014.0,0.0,4.15,63027,0,334.88,0.0,2.99,1019,2862,0,0
1992.0,0.0,3.89,66049,0,670.88,0.0,5.99,1020,4480,0,2
1992.0,0.0,4.2,78487,1,334.88,200.928,2.99,1020,4480,0,0
2009.0,0.0,3.92,66287,1,334.88,200.928,2.99,1022,4480,1,2
2011.0,0.0,3.91,66591,0,110.88,0.0,0.99,1023,4480,0,2
2009.0,0.0,4.05,68597,0,894.88,536.928,7.99,1024,4480,8,0
2009.0,0.0,4.13,66577,0,334.88,0.0,2.99,1027,4480,0,0
2003.0,0.0,3.67,61835,1,670.88,402.528,5.99,1027,4480,3,2
2006.0,0.0,4.34,46551,0,446.88,0.0,3.99,1030,4440,0,0
2008.0,0.0,2.97,53331,0,894.88,536.928,7.99,1032,4440,7,2
1926.0,0.0,4.2,71354,1,842.24,505.344,7.52,1032,4440,0,0
1940.0,0.0,3.96,66194,0,334.88,0.0,2.99,1033,4440,0,2
2008.0,0.0,4.27,66390,0,1326.08,795.648,11.84,1033,4440,7,0
2011.0,0.0,4.01,74029,0,446.88,0.0,3.99,1034,4440,0,0
2003.0,0.0,3.8,62840,0,558.88,0.0,4.99,1035,4440,0,2
2011.0,0.0,4.04,86284,0,110.88,66.528,0.99,1036,4440,0,0
2012.0,0.0,4.36,86929,0,1230.88,738.528,10.99,1037,4440,6,0
2008.0,0.0,3.32,63342,0,558.88,335.328,4.99,1042,4440,7,3
1983.0,5.0,4.13,69616,0,334.88,0.0,2.99,1042,4440,0,0
2009.0,0.0,4.43,57279,0,838.88,503.328,7.49,1043,4440,6,1
1960.0,0.0,4.15,64391,0,334.88,200.928,2.99,1044,4440,3,0
2005.0,0.0,3.41,59843,1,446.88,268.128,3.99,1046,4440,1,3
1993.0,0.0,4.16,62330,0,670.88,0.0,5.99,1048,4400,0,0
1995.0,0.0,3.66,70921,0,222.88,133.728,1.99,1049,4400,8,2
1998.0,0.0,4.0,62128,0,334.88,200.928,2.99,1050,4400,5,2
2011.0,0.0,3.95,69709,0,222.88,133.728,1.99,1050,4400,1,2
1999.0,5.0,3.79,62405,0,109.89,0.0,0.99,1052,4400,0,2
2007.0,0.0,3.82,65005,0,331.89,0.0,2.99,1052,4400,0,2
2010.0,0.0,4.21,63347,1,1330.89,798.534,11.99,1053,4400,6,0
2008.0,0.0,4.29,64961,0,442.89,0.0,3.99,1054,4400,0,0
2005.0,0.0,3.39,59932,0,109.89,0.0,0.99,1055,4400,0,3
1986.0,0.0,4.11,73918,0,331.89,0.0,2.99,1056,4400,0,0
1848.0,0.0,3.51,56464,0,331.89,0.0,2.99,1057,4400,0,2
2016.0,0.0,3.67,90541,1,109.89,65.934,0.99,1058,4400,0,2
1826.0,0.0,3.69,67632,0,109.89,0.0,0.99,1058,4400,0,2
1979.0,0.0,4.18,66923,1,220.89,132.534,1.99,1059,4400,0,0
2004.0,0.0,3.64,69007,0,331.89,0.0,2.99,1059,4400,0,2
2010.0,0.0,4.13,93340,0,331.89,0.0,2.99,1060,4400,0,0
2000.0,0.0,3.92,57468,1,899.1,539.46,8.1,1061,4400,0,2
2012.0,0.0,3.64,61296,0,1314.24,788.544,11.84,1062,4400,7,2
2009.0,0.0,4.16,60002,1,220.89,132.534,1.99,1066,4400,1,0
2006.0,0.0,4.16,63100,0,1330.89,798.534,11.99,1066,4400,6,0
2014.0,0.0,3.56,27308,0,1225.44,735.264,11.04,1068,4360,5,2
2011.0,0.0,3.98,50158,0,109.89,65.934,0.99,1069,4360,0,2
1982.0,5.0,4.16,54140,0,196.47,0.0,1.77,1071,4360,0,0
2001.0,0.0,3.94,79264,1,109.89,0.0,0.99,1072,4360,0,2
2003.0,5.0,3.81,53384,0,109.89,0.0,0.99,1073,4360,0,2
1941.0,5.0,4.21,70704,1,637.14,382.284,5.74,1074,4360,3,0
1995.0,0.0,4.01,68011,0,858.03,514.818,7.73,1075,4360,1,0
1995.0,0.0,3.91,66947,0,442.89,0.0,3.99,1076,4360,0,2
2008.0,0.0,4.43,70029,1,1219.89,731.934,10.99,1077,4360,7,1
2009.0,0.0,4.43,57764,0,331.89,0.0,2.99,1078,4360,0,1
2005.0,0.0,4.01,82470,0,1414.14,848.484,12.74,1080,4360,8,0
2015.0,0.0,4.11,132552,0,331.89,0.0,2.99,1081,4360,0,0
1912.0,0.0,3.9,70079,0,331.89,0.0,2.99,1082,4360,0,2
2012.0,0.0,3.75,57078,0,109.89,65.934,0.99,1085,4360,0,2
2008.0,0.0,4.26,65638,0,548.9,0.0,4.99,1089,4360,0,0
1999.0,0.0,3.53,73093,1,1098.9,659.34,9.99,1090,4360,0,2
1994.0,0.0,3.95,57583,0,108.9,65.34,0.99,1091,4360,0,2
2004.0,0.0,3.81,62219,0,108.9,65.34,0.99,1091,4320,0,2
2000.0,0.0,4.05,58688,0,438.9,0.0,3.99,1093,4320,0,0
1894.0,0.0,4.32,56918,1,1230.9,738.54,11.19,1095,4320,3,0
2012.0,0.0,4.06,52765,0,108.9,65.34,0.99,1097,4320,5,0
1984.0,0.0,4.17,69134,0,438.9,0.0,3.99,1098,4320,0,0
2003.0,0.0,4.36,71353,1,108.9,0.0,0.99,1099,4320,0,0
1967.0,0.0,4.03,70701,0,218.9,131.34,1.99,1099,4320,0,0
1958.0,0.0,4.09,61256,0,438.9,0.0,3.99,1100,4320,0,0
2008.0,0.0,3.86,46225,0,1351.9,811.14,12.29,1101,4320,3,2
2004.0,0.0,3.95,55236,1,1208.9,725.34,10.99,1101,4320,7,2
1963.0,0.0,4.15,72329,0,878.9,527.34,7.99,1102,4320,6,0
2012.0,0.0,4.13,79461,0,108.9,65.34,0.99,1102,4320,0,0
2010.0,0.0,4.35,65091,0,328.9,0.0,2.99,1105,4320,0,0
2015.0,0.0,4.32,45492,0,603.9,362.34,5.49,1106,4320,3,0
2008.0,0.0,4.12,87432,0,988.9,593.34,8.99,1106,4320,7,0
2013.0,0.0,4.1,59650,0,438.9,0.0,3.99,1107,4320,0,0
2012.0,4.0,3.72,42958,1,1200.1,720.06,10.91,1107,4320,8,2
2003.0,0.0,4.0,81362,0,988.9,593.34,8.99,1111,4320,6,2
1853.0,0.0,4.0,67433,0,988.9,593.34,8.99,1112,4320,3,2
1938.0,0.0,4.12,72504,0,548.9,329.34,4.99,1118,4280,0,0
2004.0,0.0,4.12,70269,0,108.9,0.0,0.99,1119,4280,0,0
1983.0,0.0,4.27,85699,0,1867.8,1120.68,16.98,1119,4280,6,0
2009.0,0.0,3.23,63737,1,416.9,250.14,3.79,1120,4280,3,3
2014.0,0.0,3.79,51603,0,548.9,0.0,4.99,1120,4280,0,2
2009.0,0.0,4.38,84650,2,493.9,296.34,4.49,1123,4280,5,0
1990.0,0.0,4.18,63235,1,641.3,384.78,5.83,1124,4280,8,0
1987.0,0.0,3.75,61412,0,1088.91,653.346,9.99,1127,4280,7,2
1871.0,0.0,4.06,63050,0,216.91,130.146,1.99,1128,4280,8,0
1991.0,0.0,4.23,60193,1,434.91,260.946,3.99,1129,4280,2,0
1961.0,0.0,4.08,66360,0,1160.85,696.51,10.65,1130,4280,6,0
1937.0,5.0,4.19,74666,0,516.66,309.996,4.74,1131,4280,3,0
2015.0,0.0,4.03,36541,0,107.91,0.0,0.99,1131,4280,0,0
2009.0,0.0,3.77,58631,0,107.91,64.746,0.99,1132,4280,0,2
1890.0,0.0,4.21,60278,0,543.91,0.0,4.99,1132,4280,0,0
1956.0,0.0,4.06,69815,0,1502.02,901.212,13.78,1136,4280,5,0
2007.0,0.0,3.87,60869,1,107.91,64.746,0.99,1137,4280,0,2
2005.0,5.0,4.01,58841,1,107.91,0.0,0.99,1138,4280,0,0
2000.0,0.0,4.56,54977,0,325.91,0.0,2.99,1140,4280,0,1
1952.0,5.0,4.02,74820,0,706.32,423.792,6.48,1141,4240,1,0
1999.0,0.0,3.8,65063,0,216.91,130.146,1.99,1142,4240,5,2
2016.0,0.0,4.35,73745,0,1306.91,784.146,11.99,1144,4240,6,0
1982.0,0.0,3.94,55262,1,960.29,576.174,8.81,1147,4240,8,2
2003.0,0.0,3.83,69504,0,598.41,359.046,5.49,1148,4240,8,2
2012.0,0.0,4.21,85746,0,325.91,195.546,2.99,1148,4240,0,0
1984.0,0.0,4.24,48277,0,325.91,0.0,2.99,1148,4240,0,0
2006.0,0.0,4.32,60959,0,325.91,195.546,2.99,1149,4240,0,0
2012.0,0.0,4.26,83886,0,620.21,372.126,5.69,1150,4240,1,0
2005.0,0.0,3.56,50921,0,434.91,0.0,3.99,1151,4240,0,2
1952.0,0.0,4.08,52704,0,325.91,0.0,2.99,1152,4240,0,0
2015.0,0.0,3.65,67344,0,107.91,0.0,0.99,1153,4240,0,2
1905.0,0.0,3.94,60611,0,325.91,0.0,2.99,1154,4240,0,2
2006.0,0.0,4.4,65477,0,434.91,0.0,3.99,1155,4240,0,1
2014.0,0.0,3.92,57716,0,434.91,0.0,3.99,1156,4240,0,2
1853.0,0.0,4.15,39758,0,543.91,326.346,4.99,1156,4240,7,0
2010.0,0.0,4.41,82824,0,543.91,0.0,4.99,1160,109,0,1
1999.0,0.0,4.16,57259,0,107.91,0.0,0.99,1160,109,0,0
2006.0,0.0,4.2,58432,0,107.91,0.0,0.99,1161,109,0,0
2007.0,0.0,3.88,53586,0,761.91,0.0,6.99,1161,109,0,2
2012.0,0.0,3.98,56756,0,538.92,0.0,4.99,1164,108,0,2
1962.0,0.0,3.94,61678,0,646.92,388.152,5.99,1166,108,1,2
1995.0,0.0,4.19,61836,0,970.92,582.552,8.99,1167,108,5,0
1959.0,0.0,3.97,66721,0,106.92,0.0,0.99,1167,108,0,2
-441.0,0.0,3.6,67608,0,106.92,64.152,0.99,1167,108,0,2
2009.0,0.0,3.63,55459,0,1659.96,995.976,15.37,1168,108,0,2
2011.0,0.0,3.81,84776,0,412.56,0.0,3.82,1169,108,0,2
2016.0,0.0,3.99,80737,0,430.92,0.0,3.99,1169,108,0,2
2003.0,0.0,3.82,61361,0,430.92,0.0,3.99,1170,108,0,2
1871.0,0.0,3.21,68448,0,1186.92,712.152,10.99,1173,108,6,3
2014.0,0.0,4.17,60236,0,1150.2,690.12,10.65,1174,108,6,0
1999.0,0.0,3.85,57993,0,430.92,0.0,3.99,1175,108,0,2
2006.0,0.0,3.51,51461,0,1327.32,796.392,12.29,1179,108,3,2
1978.0,0.0,4.13,75851,0,322.92,0.0,2.99,1182,108,0,0
2003.0,0.0,3.99,66823,0,322.92,0.0,2.99,1183,108,0,2
2011.0,0.0,3.76,62494,0,516.24,309.744,4.78,1184,108,0,2
1992.0,0.0,3.7,67267,0,214.92,128.952,1.99,1186,108,3,2
2005.0,0.0,4.02,58973,1,139.32,83.592,1.29,1187,108,0,0
2006.0,0.0,4.16,75436,0,748.44,449.064,6.93,1190,108,1,0
1996.0,0.0,3.98,60624,0,106.92,64.152,0.99,1192,108,0,2
2006.0,0.0,3.84,62135,0,646.92,388.152,5.99,1193,108,1,2
2015.0,0.0,3.4,42339,0,1186.92,712.152,10.99,1194,108,6,3
2016.0,0.0,4.04,72052,0,538.92,0.0,4.99,1195,108,0,0
2007.0,0.0,3.91,76598,0,106.92,64.152,0.99,1196,108,0,2
2011.0,0.0,4.24,82373,1,430.92,0.0,3.99,1196,108,0,0
2012.0,0.0,3.77,84438,0,538.92,323.352,4.99,1197,108,3,2
2012.0,5.0,3.79,48286,0,322.92,193.752,2.99,1198,108,0,2
1999.0,0.0,3.83,50422,0,1078.92,647.352,9.99,1198,108,7,2
1928.0,0.0,4.36,69102,0,214.92,0.0,1.99,1199,108,0,0
2010.0,0.0,4.24,58906,0,430.92,0.0,3.99,1199,108,0,0
2004.0,0.0,3.1,62760,0,322.92,0.0,2.99,1199,108,0,3
1970.0,0.0,4.18,70119,1,322.92,193.752,2.99,1200,108,3,0
2002.0,0.0,3.97,83981,0,105.93,0.0,0.99,1201,107,0,2
2010.0,0.0,3.91,75834,0,854.93,512.958,7.99,1201,107,7,2
2016.0,0.0,3.93,57865,0,919.13,551.478,8.59,1201,107,6,2
1974.0,0.0,4.3,58372,1,105.93,63.558,0.99,1203,107,0,0
1995.0,0.0,4.16,73883,0,426.93,256.158,3.99,1206,107,6,0
2006.0,0.0,4.24,63838,0,1272.23,763.338,11.89,1207,107,3,0
1896.0,0.0,3.72,60346,0,640.93,0.0,5.99,1212,107,0,2
2012.0,5.0,4.34,92014,0,105.93,0.0,0.99,1213,107,0,0
2008.0,5.0,4.08,55398,0,408.74,0.0,3.82,1214,107,0,0
2010.0,0.0,4.37,63756,1,319.93,0.0,2.99,1215,107,0,0
2012.0,0.0,4.03,79360,1,1282.93,769.758,11.99,1216,107,7,0
2010.0,0.0,3.89,45319,0,640.93,384.558,5.99,1217,107,5,2
1957.0,0.0,4.03,59973,0,854.93,512.958,7.99,1217,107,3,0
2015.0,0.0,4.25,72611,1,1175.93,705.558,10.99,1218,107,0,0
2012.0,5.0,3.88,34789,0,105.93,0.0,0.99,1218,107,0,2
1994.0,5.0,3.76,57818,0,854.93,512.958,7.99,1219,107,7,2
2012.0,0.0,3.21,65906,0,426.93,256.158,3.99,1220,107,0,3
1911.0,0.0,3.35,72421,1,405.53,243.318,3.79,1222,107,3,3
1992.0,0.0,3.78,61347,0,324.21,194.526,3.03,1223,107,0,2
2016.0,0.0,4.44,80433,0,747.93,448.758,6.99,1223,107,6,1
1905.0,0.0,4.07,66537,1,951.23,570.738,8.89,1224,107,8,0
1968.0,0.0,3.92,54848,0,319.93,0.0,2.99,1225,107,0,2
1959.0,0.0,3.46,55473,0,529.65,317.79,4.95,1226,107,0,3
1991.0,0.0,4.28,67753,0,426.93,0.0,3.99,1230,107,0,0
2001.0,0.0,3.67,59974,1,105.93,0.0,0.99,1232,107,0,2
1969.0,0.0,4.05,61888,0,822.83,493.698,7.69,1233,107,7,0
2008.0,0.0,3.84,57632,0,1149.18,689.508,10.74,1235,107,6,2
2010.0,0.0,4.03,60672,0,640.93,384.558,5.99,1236,107,7,0
2014.0,0.0,4.4,56510,0,319.93,0.0,2.99,1237,107,0,1
1987.0,0.0,4.04,58062,0,104.94,0.0,0.99,1238,106,0,0
2010.0,0.0,3.81,55355,2,477.0,286.2,4.5,1241,106,0,2
1879.0,0.0,3.69,69450,0,1588.94,953.364,14.99,1243,106,1,2
1959.0,0.0,4.18,59963,0,212.0,0.0,2.0,1243,106,0,0
1961.0,0.0,3.89,56550,0,735.64,441.384,6.94,1244,106,6,2
2006.0,0.0,3.73,60372,0,846.94,508.164,7.99,1247,106,7,2
1966.0,0.0,4.06,67077,1,1334.54,800.724,12.59,1248,106,7,0
2011.0,0.0,3.91,85034,0,827.86,496.716,7.81,1249,106,6,2
1996.0,0.0,3.91,52333,0,589.36,353.616,5.56,1251,106,1,2
2010.0,0.0,3.92,54341,0,316.94,0.0,2.99,1253,106,0,2
2012.0,0.0,3.65,65932,1,1058.94,635.364,9.99,1255,106,0,2
2002.0,0.0,3.94,60932,0,316.94,190.164,2.99,1255,106,0,2
1955.0,5.0,3.97,75987,0,740.94,444.564,6.99,1257,106,7,2
1972.0,5.0,4.11,65626,1,210.94,0.0,1.99,1258,106,0,0
1996.0,0.0,3.66,59229,0,104.94,0.0,0.99,1263,106,0,2
1982.0,0.0,4.17,62432,0,815.14,489.084,7.69,1265,106,7,0
2004.0,0.0,3.95,70737,0,846.94,508.164,7.99,1266,106,7,2
1994.0,0.0,4.31,43927,0,316.94,0.0,2.99,1266,106,0,0
2014.0,0.0,3.52,37379,1,104.94,62.964,0.99,1268,106,0,2
1989.0,0.0,4.34,57312,0,846.94,508.164,7.99,1270,106,7,0
1930.0,0.0,3.92,58742,0,846.94,508.164,7.99,1271,106,1,2
2011.0,0.0,4.17,58028,0,104.94,62.964,0.99,1272,106,0,0
1999.0,0.0,4.07,55251,0,316.94,0.0,2.99,1273,106,0,0
